{
  "dataset_revision": "1399c76144fd37290681b995c656ef9b2e06e26d",
  "mteb_dataset_name": "AmazonReviewsClassification",
  "mteb_version": "1.1.0",
  "test": {
    "en": {
      "accuracy": 0.44049999999999995,
      "accuracy_stderr": 0.014423938435808711,
      "f1": 0.4267624383248947,
      "f1_stderr": 0.01351683620968048,
      "main_score": 0.44049999999999995
    },
    "evaluation_time": 11.38
  },
  "validation": {
    "en": {
      "accuracy": 0.43798000000000004,
      "accuracy_stderr": 0.012288352208494032,
      "f1": 0.42483998553432956,
      "f1_stderr": 0.015752944478543963,
      "main_score": 0.43798000000000004
    },
    "evaluation_time": 13.69
  }
}