{
  "dataset_revision": "0fd18e25b25c072e09e0d92ab615fda904d66300",
  "mteb_dataset_name": "Banking77Classification",
  "mteb_version": "1.1.0",
  "test": {
    "accuracy": 0.7540584415584415,
    "accuracy_stderr": 0.007828985179390284,
    "evaluation_time": 20.37,
    "f1": 0.7429514617572676,
    "f1_stderr": 0.00868929710762345,
    "main_score": 0.7540584415584415
  }
}