{
  "dataset_revision": "d3fb88f8f02e40887cd149695127462bbcf29b4a",
  "mteb_dataset_name": "BIOSSES",
  "mteb_version": "1.1.0",
  "test": {
    "cos_sim": {
      "pearson": 0.7644918756608116,
      "spearman": 0.7086607256286257
    },
    "euclidean": {
      "pearson": 0.7412154678100815,
      "spearman": 0.7086607256286257
    },
    "evaluation_time": 1.08,
    "manhattan": {
      "pearson": 0.7400786269644171,
      "spearman": 0.7068353828321327
    }
  }
}