{
  "dataset_revision": null,
  "mteb_dataset_name": "CQADupstackEnglishRetrieval",
  "mteb_version": "1.1.0",
  "test": {
    "evaluation_time": 113.5,
    "map_at_1": 0.22528,
    "map_at_10": 0.30751,
    "map_at_100": 0.31855,
    "map_at_1000": 0.31972,
    "map_at_3": 0.28465,
    "map_at_5": 0.29738,
    "mrr_at_1": 0.28662,
    "mrr_at_10": 0.35912,
    "mrr_at_100": 0.36726,
    "mrr_at_1000": 0.36777,
    "mrr_at_3": 0.34013,
    "mrr_at_5": 0.35156,
    "ndcg_at_1": 0.28662,
    "ndcg_at_10": 0.35452,
    "ndcg_at_100": 0.401,
    "ndcg_at_1000": 0.42323,
    "ndcg_at_3": 0.32112,
    "ndcg_at_5": 0.33638,
    "precision_at_1": 0.28662,
    "precision_at_10": 0.06688,
    "precision_at_100": 0.0113,
    "precision_at_1000": 0.0016,
    "precision_at_3": 0.15563,
    "precision_at_5": 0.11019,
    "recall_at_1": 0.22528,
    "recall_at_10": 0.43748,
    "recall_at_100": 0.64235,
    "recall_at_1000": 0.78609,
    "recall_at_3": 0.33937,
    "recall_at_5": 0.38234
  }
}