{
  "dataset_revision": null,
  "mteb_dataset_name": "CQADupstackGisRetrieval",
  "mteb_version": "1.1.0",
  "test": {
    "evaluation_time": 206.7,
    "map_at_1": 0.16028,
    "map_at_10": 0.23187,
    "map_at_100": 0.24236,
    "map_at_1000": 0.24337,
    "map_at_3": 0.20816,
    "map_at_5": 0.22311,
    "mrr_at_1": 0.17514,
    "mrr_at_10": 0.2484,
    "mrr_at_100": 0.25838,
    "mrr_at_1000": 0.25925,
    "mrr_at_3": 0.22542,
    "mrr_at_5": 0.2404,
    "ndcg_at_1": 0.17514,
    "ndcg_at_10": 0.27391,
    "ndcg_at_100": 0.32685,
    "ndcg_at_1000": 0.35367,
    "ndcg_at_3": 0.22821,
    "ndcg_at_5": 0.25381,
    "precision_at_1": 0.17514,
    "precision_at_10": 0.04463,
    "precision_at_100": 0.00745,
    "precision_at_1000": 0.00101,
    "precision_at_3": 0.10019,
    "precision_at_5": 0.07458,
    "recall_at_1": 0.16028,
    "recall_at_10": 0.3881,
    "recall_at_100": 0.63295,
    "recall_at_1000": 0.83762,
    "recall_at_3": 0.26604,
    "recall_at_5": 0.32727
  }
}