{
  "dataset_revision": null,
  "mteb_dataset_name": "CQADupstackMathematicaRetrieval",
  "mteb_version": "1.1.0",
  "test": {
    "evaluation_time": 131.76,
    "map_at_1": 0.11962,
    "map_at_10": 0.17218,
    "map_at_100": 0.18321,
    "map_at_1000": 0.18455,
    "map_at_3": 0.15288,
    "map_at_5": 0.16417,
    "mrr_at_1": 0.14677,
    "mrr_at_10": 0.20381,
    "mrr_at_100": 0.21472,
    "mrr_at_1000": 0.21566,
    "mrr_at_3": 0.18449,
    "mrr_at_5": 0.19587,
    "ndcg_at_1": 0.14677,
    "ndcg_at_10": 0.2086,
    "ndcg_at_100": 0.26519,
    "ndcg_at_1000": 0.3002,
    "ndcg_at_3": 0.17208,
    "ndcg_at_5": 0.19037,
    "precision_at_1": 0.14677,
    "precision_at_10": 0.03856,
    "precision_at_100": 0.00789,
    "precision_at_1000": 0.00124,
    "precision_at_3": 0.08043,
    "precision_at_5": 0.0607,
    "recall_at_1": 0.11962,
    "recall_at_10": 0.28995,
    "recall_at_100": 0.54072,
    "recall_at_1000": 0.79309,
    "recall_at_3": 0.19135,
    "recall_at_5": 0.23728
  }
}