{
  "dataset_revision": null,
  "mteb_dataset_name": "DBPedia",
  "mteb_version": "1.1.0",
  "test": {
    "evaluation_time": 4445.99,
    "map_at_1": 0.06343,
    "map_at_10": 0.12717,
    "map_at_100": 0.1648,
    "map_at_1000": 0.17381,
    "map_at_3": 0.09569,
    "map_at_5": 0.11125,
    "mrr_at_1": 0.4875,
    "mrr_at_10": 0.58425,
    "mrr_at_100": 0.59075,
    "mrr_at_1000": 0.59095,
    "mrr_at_3": 0.56292,
    "mrr_at_5": 0.57679,
    "ndcg_at_1": 0.37875,
    "ndcg_at_10": 0.2777,
    "ndcg_at_100": 0.30289,
    "ndcg_at_1000": 0.36188,
    "ndcg_at_3": 0.31386,
    "ndcg_at_5": 0.29923,
    "precision_at_1": 0.4875,
    "precision_at_10": 0.22375,
    "precision_at_100": 0.06342,
    "precision_at_1000": 0.01449,
    "precision_at_3": 0.355,
    "precision_at_5": 0.3055,
    "recall_at_1": 0.06343,
    "recall_at_10": 0.16936,
    "recall_at_100": 0.35956,
    "recall_at_1000": 0.55787,
    "recall_at_3": 0.10771,
    "recall_at_5": 0.1367
  }
}