{
  "dataset_revision": "4f58c6b202a23cf9a4da393831edf4f9183cad37",
  "mteb_dataset_name": "EmotionClassification",
  "mteb_version": "1.1.0",
  "test": {
    "accuracy": 0.4199,
    "accuracy_stderr": 0.02234367919569201,
    "evaluation_time": 3.37,
    "f1": 0.3682340217456495,
    "f1_stderr": 0.021776128234136445,
    "main_score": 0.4199
  },
  "validation": {
    "accuracy": 0.41864999999999997,
    "accuracy_stderr": 0.022959801828413062,
    "evaluation_time": 3.29,
    "f1": 0.3748604511300154,
    "f1_stderr": 0.02042335727335004,
    "main_score": 0.41864999999999997
  }
}