{
  "dataset_revision": null,
  "mteb_dataset_name": "FEVER",
  "mteb_version": "1.1.0",
  "test": {
    "evaluation_time": 16698.45,
    "map_at_1": 0.40088,
    "map_at_10": 0.52692,
    "map_at_100": 0.53296,
    "map_at_1000": 0.53325,
    "map_at_3": 0.49905,
    "map_at_5": 0.51617,
    "mrr_at_1": 0.43009,
    "mrr_at_10": 0.56203,
    "mrr_at_100": 0.5675,
    "mrr_at_1000": 0.56769,
    "mrr_at_3": 0.534,
    "mrr_at_5": 0.55163,
    "ndcg_at_1": 0.43009,
    "ndcg_at_10": 0.5939,
    "ndcg_at_100": 0.6213,
    "ndcg_at_1000": 0.62793,
    "ndcg_at_3": 0.53878,
    "ndcg_at_5": 0.56887,
    "precision_at_1": 0.43009,
    "precision_at_10": 0.08366,
    "precision_at_100": 0.00983,
    "precision_at_1000": 0.00105,
    "precision_at_3": 0.22377,
    "precision_at_5": 0.15035,
    "recall_at_1": 0.40088,
    "recall_at_10": 0.76687,
    "recall_at_100": 0.8891,
    "recall_at_1000": 0.93782,
    "recall_at_3": 0.6181,
    "recall_at_5": 0.69131
  }
}