{
  "dataset_revision": "31efe3c427b0bae9c22cbb560b8f15491cc6bed7",
  "mteb_dataset_name": "MassiveIntentClassification",
  "mteb_version": "1.1.0",
  "test": {
    "en": {
      "accuracy": 0.6333557498318763,
      "accuracy_stderr": 0.014612806300514952,
      "f1": 0.6024039910680179,
      "f1_stderr": 0.012256367770368185,
      "main_score": 0.6333557498318763
    },
    "evaluation_time": 22.52
  },
  "validation": {
    "en": {
      "accuracy": 0.6426955238563699,
      "accuracy_stderr": 0.01633350887848132,
      "f1": 0.5828069832892886,
      "f1_stderr": 0.013604921852646317,
      "main_score": 0.6426955238563699
    },
    "evaluation_time": 17.6
  }
}