{
  "dataset_revision": null,
  "mteb_dataset_name": "NFCorpus",
  "mteb_version": "1.1.0",
  "test": {
    "evaluation_time": 17.47,
    "map_at_1": 0.03391,
    "map_at_10": 0.07722,
    "map_at_100": 0.10286,
    "map_at_1000": 0.11668,
    "map_at_3": 0.05552,
    "map_at_5": 0.06468,
    "mrr_at_1": 0.34365,
    "mrr_at_10": 0.42555,
    "mrr_at_100": 0.43295,
    "mrr_at_1000": 0.43357,
    "mrr_at_3": 0.40299,
    "mrr_at_5": 0.41182,
    "ndcg_at_1": 0.31424,
    "ndcg_at_10": 0.24758,
    "ndcg_at_100": 0.23678,
    "ndcg_at_1000": 0.33377,
    "ndcg_at_3": 0.28302,
    "ndcg_at_5": 0.26342,
    "precision_at_1": 0.33437,
    "precision_at_10": 0.19257,
    "precision_at_100": 0.06663,
    "precision_at_1000": 0.0199,
    "precision_at_3": 0.27761,
    "precision_at_5": 0.23715,
    "recall_at_1": 0.03391,
    "recall_at_10": 0.11068,
    "recall_at_100": 0.25878,
    "recall_at_1000": 0.6019,
    "recall_at_3": 0.06169,
    "recall_at_5": 0.07767
  }
}