{
  "dataset_revision": null,
  "mteb_dataset_name": "QuoraRetrieval",
  "mteb_version": "1.1.0",
  "test": {
    "evaluation_time": 258.94,
    "map_at_1": 0.67306,
    "map_at_10": 0.80634,
    "map_at_100": 0.81349,
    "map_at_1000": 0.81373,
    "map_at_3": 0.77691,
    "map_at_5": 0.79512,
    "mrr_at_1": 0.7756,
    "mrr_at_10": 0.84177,
    "mrr_at_100": 0.8435,
    "mrr_at_1000": 0.84353,
    "mrr_at_3": 0.83003,
    "mrr_at_5": 0.83799,
    "ndcg_at_1": 0.7758,
    "ndcg_at_10": 0.84782,
    "ndcg_at_100": 0.86443,
    "ndcg_at_1000": 0.86654,
    "ndcg_at_3": 0.8167,
    "ndcg_at_5": 0.83356,
    "precision_at_1": 0.7758,
    "precision_at_10": 0.12875,
    "precision_at_100": 0.01503,
    "precision_at_1000": 0.00156,
    "precision_at_3": 0.3563,
    "precision_at_5": 0.23484,
    "recall_at_1": 0.67306,
    "recall_at_10": 0.9264,
    "recall_at_100": 0.98681,
    "recall_at_1000": 0.9979,
    "recall_at_3": 0.83682,
    "recall_at_5": 0.88424
  }
}