{
  "dataset_revision": null,
  "mteb_dataset_name": "SCIDOCS",
  "mteb_version": "1.1.0",
  "test": {
    "evaluation_time": 82.79,
    "map_at_1": 0.03938,
    "map_at_10": 0.08817,
    "map_at_100": 0.10547,
    "map_at_1000": 0.10852,
    "map_at_3": 0.06352,
    "map_at_5": 0.07453,
    "mrr_at_1": 0.194,
    "mrr_at_10": 0.27371,
    "mrr_at_100": 0.28672,
    "mrr_at_1000": 0.28747,
    "mrr_at_3": 0.24583,
    "mrr_at_5": 0.26143,
    "ndcg_at_1": 0.194,
    "ndcg_at_10": 0.15264,
    "ndcg_at_100": 0.2263,
    "ndcg_at_1000": 0.28559,
    "ndcg_at_3": 0.14425,
    "ndcg_at_5": 0.1252,
    "precision_at_1": 0.194,
    "precision_at_10": 0.0781,
    "precision_at_100": 0.01854,
    "precision_at_1000": 0.00329,
    "precision_at_3": 0.131,
    "precision_at_5": 0.1068,
    "recall_at_1": 0.03938,
    "recall_at_10": 0.15903,
    "recall_at_100": 0.37645,
    "recall_at_1000": 0.6686,
    "recall_at_3": 0.07993,
    "recall_at_5": 0.10885
  }
}