{
  "dataset_revision": "6031580fec1f6af667f0bd2da0a551cf4f0b2375",
  "mteb_dataset_name": "STS14",
  "mteb_version": "1.1.0",
  "test": {
    "cos_sim": {
      "pearson": 0.7626381598259716,
      "spearman": 0.7078377709313477
    },
    "euclidean": {
      "pearson": 0.7482646556532097,
      "spearman": 0.7078377658155212
    },
    "evaluation_time": 2.48,
    "manhattan": {
      "pearson": 0.7481784766108226,
      "spearman": 0.7079351454692175
    }
  }
}