{
  "dataset_revision": "a0d554a64d88156834ff5ae9920b964011b16384",
  "mteb_dataset_name": "STS12",
  "mteb_version": "1.1.0",
  "test": {
    "cos_sim": {
      "pearson": 0.70451157033355,
      "spearman": 0.6399899601697853
    },
    "euclidean": {
      "pearson": 0.6746985359967678,
      "spearman": 0.6400001637764805
    },
    "evaluation_time": 2.34,
    "manhattan": {
      "pearson": 0.6756534741780037,
      "spearman": 0.6406533893575366
    }
  }
}