{
  "dataset_revision": "ae752c7c21bf194d8b67fd573edf7ae58183cbe3",
  "mteb_dataset_name": "STS15",
  "mteb_version": "1.1.0",
  "test": {
    "cos_sim": {
      "pearson": 0.7900532026789739,
      "spearman": 0.8002708383244839
    },
    "euclidean": {
      "pearson": 0.7948345422610525,
      "spearman": 0.8002708383244839
    },
    "evaluation_time": 3.26,
    "manhattan": {
      "pearson": 0.7944519739854803,
      "spearman": 0.7998344094559686
    }
  }
}