{
  "dataset_revision": "7e90230a92c190f1bf69ae9002b8cea547a64cca",
  "mteb_dataset_name": "STS13",
  "mteb_version": "1.1.0",
  "test": {
    "cos_sim": {
      "pearson": 0.7765086614464292,
      "spearman": 0.7820169706921849
    },
    "euclidean": {
      "pearson": 0.7777758172155284,
      "spearman": 0.7820169706921849
    },
    "evaluation_time": 1.03,
    "manhattan": {
      "pearson": 0.7775077884860052,
      "spearman": 0.7816875216484164
    }
  }
}