{
  "dataset_revision": "b0fddb56ed78048fa8b90373c8a3cfc37b684831",
  "mteb_dataset_name": "STSBenchmark",
  "mteb_version": "1.1.0",
  "test": {
    "cos_sim": {
      "pearson": 0.7663101237585029,
      "spearman": 0.7557446967644269
    },
    "euclidean": {
      "pearson": 0.7693491768734478,
      "spearman": 0.7557446967644269
    },
    "evaluation_time": 1.33,
    "manhattan": {
      "pearson": 0.7692187567800636,
      "spearman": 0.7557239337194585
    }
  }
}