{
  "dataset_revision": null,
  "mteb_dataset_name": "Touche2020",
  "mteb_version": "1.1.0",
  "test": {
    "evaluation_time": 2314.77,
    "map_at_1": 0.01995,
    "map_at_10": 0.08304,
    "map_at_100": 0.13644,
    "map_at_1000": 0.1543,
    "map_at_3": 0.04788,
    "map_at_5": 0.0622,
    "mrr_at_1": 0.22449,
    "mrr_at_10": 0.37658,
    "mrr_at_100": 0.38491,
    "mrr_at_1000": 0.38503,
    "mrr_at_3": 0.32313,
    "mrr_at_5": 0.3568,
    "ndcg_at_1": 0.21429,
    "ndcg_at_10": 0.18995,
    "ndcg_at_100": 0.3203,
    "ndcg_at_1000": 0.44852,
    "ndcg_at_3": 0.19464,
    "ndcg_at_5": 0.19172,
    "precision_at_1": 0.22449,
    "precision_at_10": 0.17143,
    "precision_at_100": 0.06878,
    "precision_at_1000": 0.01524,
    "precision_at_3": 0.21769,
    "precision_at_5": 0.2,
    "recall_at_1": 0.01995,
    "recall_at_10": 0.13396,
    "recall_at_100": 0.44348,
    "recall_at_1000": 0.82622,
    "recall_at_3": 0.05896,
    "recall_at_5": 0.08554
  }
}