{
  "dataset_revision": null,
  "mteb_dataset_name": "TRECCOVID",
  "mteb_version": "1.1.0",
  "test": {
    "evaluation_time": 546.73,
    "map_at_1": 0.00136,
    "map_at_10": 0.00767,
    "map_at_100": 0.03369,
    "map_at_1000": 0.08614,
    "map_at_3": 0.00369,
    "map_at_5": 0.00514,
    "mrr_at_1": 0.48,
    "mrr_at_10": 0.63908,
    "mrr_at_100": 0.64615,
    "mrr_at_1000": 0.64615,
    "mrr_at_3": 0.62,
    "mrr_at_5": 0.634,
    "ndcg_at_1": 0.44,
    "ndcg_at_10": 0.38579,
    "ndcg_at_100": 0.26409,
    "ndcg_at_1000": 0.26859,
    "ndcg_at_3": 0.47134,
    "ndcg_at_5": 0.43287,
    "precision_at_1": 0.48,
    "precision_at_10": 0.404,
    "precision_at_100": 0.2664,
    "precision_at_1000": 0.1204,
    "precision_at_3": 0.52667,
    "precision_at_5": 0.468,
    "recall_at_1": 0.00136,
    "recall_at_10": 0.01007,
    "recall_at_100": 0.06318,
    "recall_at_1000": 0.26522,
    "recall_at_3": 0.00417,
    "recall_at_5": 0.00606
  }
}