{
  "dataset_revision": "d604517c81ca91fe16a244d1248fc021f9ecee7a",
  "mteb_dataset_name": "TweetSentimentExtractionClassification",
  "mteb_version": "1.1.0",
  "test": {
    "accuracy": 0.564148273910583,
    "accuracy_stderr": 0.018533288380093983,
    "evaluation_time": 6.98,
    "f1": 0.5666641240957311,
    "f1_stderr": 0.01924211396323333,
    "main_score": 0.564148273910583
  }
}