{
  "dataset_revision": "8b6510b0b1fa4e4c4f879467980e9be563ec1cdf",
  "mteb_dataset_name": "TwitterURLCorpus",
  "mteb_version": "1.1.0",
  "test": {
    "cos_sim": {
      "accuracy": 0.8753832421314084,
      "accuracy_threshold": 0.7381809949874878,
      "ap": 0.8311416594316625,
      "f1": 0.7541118114347518,
      "f1_threshold": 0.7115598917007446,
      "precision": 0.7312839059674503,
      "recall": 0.778410840776101
    },
    "dot": {
      "accuracy": 0.8753832421314084,
      "accuracy_threshold": 0.7381809949874878,
      "ap": 0.8311416226342155,
      "f1": 0.7541118114347518,
      "f1_threshold": 0.7115598917007446,
      "precision": 0.7312839059674503,
      "recall": 0.778410840776101
    },
    "euclidean": {
      "accuracy": 0.8753832421314084,
      "accuracy_threshold": 0.7236282825469971,
      "ap": 0.8311416284455394,
      "f1": 0.7541118114347518,
      "f1_threshold": 0.759526252746582,
      "precision": 0.7312839059674503,
      "recall": 0.778410840776101
    },
    "evaluation_time": 28.46,
    "manhattan": {
      "accuracy": 0.8749369348391354,
      "accuracy_threshold": 16.00527000427246,
      "ap": 0.8308066812574694,
      "f1": 0.7536561228603892,
      "f1_threshold": 16.88558006286621,
      "precision": 0.719202518363064,
      "recall": 0.7915768401601478
    },
    "max": {
      "accuracy": 0.8753832421314084,
      "ap": 0.8311416594316625,
      "f1": 0.7541118114347518
    }
  }
}