{
  "dataset_revision": "70970daeab8776df92f5ea462b6173c0b46fd2d1",
  "mteb_dataset_name": "TwitterSemEval2015",
  "mteb_version": "1.1.0",
  "test": {
    "cos_sim": {
      "accuracy": 0.8402574953805806,
      "accuracy_threshold": 0.7734372615814209,
      "ap": 0.6766599910763128,
      "f1": 0.6349127799084499,
      "f1_threshold": 0.7275612354278564,
      "precision": 0.5977172140694154,
      "recall": 0.6770448548812665
    },
    "dot": {
      "accuracy": 0.8402574953805806,
      "accuracy_threshold": 0.7734373807907104,
      "ap": 0.6766600090945405,
      "f1": 0.6349127799084499,
      "f1_threshold": 0.7275612354278564,
      "precision": 0.5977172140694154,
      "recall": 0.6770448548812665
    },
    "euclidean": {
      "accuracy": 0.8402574953805806,
      "accuracy_threshold": 0.6731458902359009,
      "ap": 0.676659842364448,
      "f1": 0.6349127799084499,
      "f1_threshold": 0.7381582260131836,
      "precision": 0.5977172140694154,
      "recall": 0.6770448548812665
    },
    "evaluation_time": 8.36,
    "manhattan": {
      "accuracy": 0.840317100792752,
      "accuracy_threshold": 14.862768173217773,
      "ap": 0.6766351692448986,
      "f1": 0.6348610948306178,
      "f1_threshold": 16.571958541870117,
      "precision": 0.5711875131828729,
      "recall": 0.7145118733509235
    },
    "max": {
      "accuracy": 0.840317100792752,
      "ap": 0.6766600090945405,
      "f1": 0.6349127799084499
    }
  }
}